abuse,Q600571
accommodation,Q699405
activity,Q1914636
admission,Q788590
airport,Q1248784
alcohol,Q156
aluminum,Q663
American,Q846570
animal,Q729
announcement,Q567303
antecedent,Q260460
anxiety,Q154430
approach,Q16886387
Arafat,Q34211
architecture,Q12271
archive,Q166118
area,Q11500
arrangement,Q93288
arrival,Q3620816
article,Q191067
artifact,Q220659
association,Q5971060
astronomer,Q11063
asylum,Q608502
atmosphere,Q8104
attempt,Q16886387
attitude,Q622645
autograph,Q9026959
automobile,Q1420
avenue,Q207934
baby,Q998
bank,Q22687
baseball,Q5369
basketball,Q5372
bed,Q42177
benchmark,Q816747
bird,Q5113
bishop,Q29182
block,Q1348006
board,Q865588
book,Q571
boxing,Q32112
boy,Q3010
brandy,Q146470
Brazil,Q155
bread,Q7802
brother,Q10861465
buck,Q47433
butter,Q34172
cabbage,Q35051
calculation,Q622821
canyon,Q150784
car,Q1420
card,Q1436963
carnivore,Q81875
cash,Q1368
cat,Q146
category,Q4167836
CD,Q34467
cell,Q7868
cemetery,Q39614
center,Q23595
century,Q578
challenge,Q21075823
championship,Q1079023
chance,Q3851114
chemistry,Q2329
children,Q7569
chord,Q170439
citizen,Q1020994
clinic,Q1774898
closet,Q1723368
clothes,Q11460
coast,Q93352
cock,Q2216236
coffee,Q8486
cognition,Q2200417
combination,Q202805
communication,Q11024
company,Q4830453
competition,Q476300
computation,Q622821
computer,Q68
concert,Q182832
constellation,Q8928
consumer,Q22855
cord,Q1865992
country,Q6256
crane,Q25365
credit,Q182076
crew,Q345844
crisis,Q381072
criterion,Q1789452
critic,Q6430706
cucumber,Q23425
culture,Q11042
cup,Q2100893
currency,Q8142
cushion,Q10971235
dawn,Q11326182
day,Q573
death,Q4
decoration,Q6149036
defeat,Q21171345
deposit,Q2063826
depression,Q4340209
direction,Q2151613
disability,Q12131
disaster,Q3839081
discovery,Q753297
dividend,Q181201
doctor,Q39631
drink,Q40050
drought,Q43059
drug,Q8386
ear,Q7362
earning,Q832161
ecology,Q7150
egg,Q17147
emergency,Q5070802
energy,Q11379
entity,Q35120
environment,Q2249676
equality,Q842346
equipment,Q1183543
evidence,Q1347572
example,Q14944328
exhibit,Q11985689
experience,Q164359
eye,Q7364
family,Q8436
fauna,Q104021
FBI,Q8333
fear,Q44619
feline,Q25265
fertility,Q964401
fighting,Q650711
film,Q11424
fingerprint,Q178022
five,Q203
flight,Q206021
flood,Q8068
focus,Q190909
food,Q2095
football,Q41323
forecast,Q748250
forest,Q4421
Freud,Q9215
fruit,Q1364
fuck,Q31928
furnace,Q1709184
gain,Q854659
galaxy,Q318
game,Q11410
gem,Q83437
gender,Q48277
gin,Q959362
girl,Q3031
glass,Q11469
government,Q7188
governor,Q132050
graveyard,Q39614
grin,Q487
grocery,Q13584407
group,Q16334295
hardware,Q3966
Harvard,Q13371
health,Q12147
hike,Q139680
hill,Q54050
history,Q309
holy,Q1151419
hospital,Q16917
hotel,Q27686
hundred,Q37413
hypertension,Q41861
image,Q478798
impartiality,Q3149193
implement,Q1183543
index,Q1738991
industry,Q8148
information,Q11028
infrastructure,Q121359
inmate,Q1862087
institution,Q178706
insurance,Q43183
interest,Q616314
internet,Q75
interview,Q178651
investor,Q557880
Israel,Q801
issue,Q86447
Jackson,Q2732758
jaguar,Q35694
Japanese,Q5287
jazz,Q8341
Jerusalem,Q1218
jewel,Q83437
journal,Q185598
journey,Q61509
keyboard,Q250
kilometer,Q828224
laboratory,Q483242
lad,Q3010
landscape,Q107425
law,Q7748
lawyer,Q40348
lesson,Q379833
liability,Q1425577
library,Q7075
life,Q3
line,Q37105
liquid,Q11435
lobster,Q1038113
loss,Q2062540
love,Q316
luxury,Q10953913
madhouse,Q776061
magician,Q148401
mammal,Q7377
man,Q8441
manslaughter,Q3882220
Maradona,Q21493331
marathon,Q40244
market,Q37654
marriage,Q8445
Mars,Q111
medal,Q131647
media,Q340169
memorabilia,Q1373343
metal,Q11426
Mexico,Q96
midday,Q168182
mile,Q253276
mind,Q450
minister,Q83307
ministry,Q192350
minority,Q30103
money,Q1368
monk,Q733786
month,Q5151
moon,Q405
morality,Q48324
mother,Q7560
motto,Q42470
mound,Q1584134
mouth,Q9635
movie,Q11424
murder,Q132821
museum,Q33506
music,Q638
nation,Q6266
nature,Q7860
network,Q1900326
news,Q38926
noon,Q168182
number,Q11563
nurse,Q186360
object,Q488383
observation,Q193181
office,Q182060
oil,Q42962
OPEC,Q7795
opera,Q1344
operation,Q600236
oracle,Q217123
organism,Q7239
Palestinian,Q201190
paper,Q11472
party,Q200538
payment,Q1148747
peace,Q454
people,Q5
percent,Q11229
performance,Q35140
phone,Q11035
physics,Q413
pillow,Q99895
place,Q2221906
plan,Q1371819
plane,Q197
planet,Q634
planning,Q309100
popcorn,Q165112
population,Q33829
possession,Q6422240
potato,Q20668426
practice,Q334600
precedent,Q665141
prejudice,Q179742
preparation,Q227552
preservation,Q830393
president,Q30461
price,Q160151
problem,Q621184
production,Q739302
professor,Q37226
profit,Q26911
project,Q170584
prominence,Q512314
property,Q937228
proton,Q2294
psychiatry,Q7867
psychology,Q9418
queen,Q19643
rabbi,Q133485
racism,Q8461
racket,Q240502
radio,Q273623
reason,Q178354
record,Q1366302
report,Q10870555
rook,Q25386
rooster,Q2216236
row,Q1366302
sage,Q2349934
school,Q3914
science,Q336
scientist,Q901
sea,Q165
seafood,Q192935
season,Q24384
secret,Q1503443
secretary,Q80687
senate,Q2570643
serf,Q12773225
serial,Q41298
series,Q170198
seven,Q23350
sex,Q290
shore,Q468756
shower,Q7863
sign,Q3695082
signature,Q188675
size,Q4049983
skin,Q1074
slave,Q12773225
smart,Q83500
smile,Q487
soap,Q34396
soccer,Q2736
software,Q7397
space,Q1
sprint,Q624482
star,Q523
stock,Q1196314
stove,Q203789
street,Q79007
string,Q184754
stroke,Q12202
student,Q48282
stupid,Q795
substance,Q79529
sugar,Q11002
summer,Q1313
sun,Q525
surface,Q484298
tableware,Q851782
team,Q327245
telephone,Q11035
television,Q289
tennis,Q847
term,Q1969448
territory,Q183366
terror,Q516626
theater,Q24354
thunderstorm,Q2857578
ticket,Q551800
tiger,Q19939
tool,Q39546
tournament,Q500834
trading,Q601401
train,Q870
travel,Q61509
treatment,Q26256310
troops,Q1080137
tumbler,Q19795669
type,Q190087
valor,Q17037955
victim,Q1851760
victory,Q50000
video,Q34508
virtuoso,Q214970
vodka,Q374
volunteer,Q23835475
voyage,Q61509
war,Q198
warning,Q1759104
water,Q283
wealth,Q200535
weapon,Q728
weather,Q11663
Wednesday,Q128
wine,Q282
withdrawal,Q1760704
wizard,Q2488257
woman,Q467
wood,Q287
woodland,Q4421
word,Q8171
world,Q16502
Yale,Q49112
year,Q577
yen,Q8146
zoo,Q43501
collection,
conclusion,
confidence,
credibility,
defeating,
delay,
departure,
deployment,
development,
discipline,
eat,
effort,
importance,
investigation,
isolation,
kind,
laundering,
listing,
live,
lover,
maker,
match,
personnel,
possibility,
proximity,
quarrel,
recess,
recognition,
recommendation,
recovery,
registration,
reservation,
round,
seepage,
similarity,
situation,
start,
viewer,
